iPad ID,x_pred,y_pred
0452f360ef9f,38.61488927573511,55.06556518117923
0452f36c3d9d,71.85973350902174,29.2570095385519
0452f3641b87,,
0452f36b0ded,66.0473328124871,50.36082018897567
